district,medianVoterIdeologyStr,actualVoterSatisfactionStr,primaryIdeologyStr,primaryPartyStr,primarySatisfactionStr,irPrimaryIdeologyStr,irPrimaryPartyStr,irPrimarySatisfactionStr,h2hPrimaryIdeologyStr,h2hPrimaryPartyStr,h2hPrimarySatisfactionStr,instantRunoffIdeologyStr,instantRunoffPartyStr,instantRunoffSatisfactionStr,headToHeadIdeologyStr,headToHeadPartyStr,headToHeadSatisfactionStr,final5IdeologyStr,final5PartyStr,final5SatisfactionStr
AL-01,13.420,21.800,51.28,Rep,33.60,46.35,Rep,40.16,50.10,Rep,34.54,28.10,Rep,71.89,11.99,Rep,97.39,47.47,Rep,38.55
AL-02,14.464,59.600,46.84,Rep,41.60,40.50,Rep,51.06,55.14,Rep,29.15,41.23,Rep,50.05,12.67,Rep,96.68,37.56,Rep,56.28
AL-03,14.636,61.000,58.18,Rep,26.00,48.34,Rep,38.55,41.36,Rep,49.80,13.68,Rep,98.39,17.39,Rep,94.58,42.12,Rep,48.39
AL-04,27.171,80.400,52.74,Rep,48.80,56.98,Rep,40.40,59.80,Rep,35.98,30.30,Rep,93.47,27.02,Rep,99.70,25.76,Rep,97.09
AL-05,15.391,19.600,42.68,Rep,49.20,51.44,Rep,34.94,62.00,Rep,21.69,49.51,Rep,37.75,15.21,Rep,99.40,34.02,Rep,64.26
AL-06,22.925,18.600,54.89,Rep,39.20,53.93,Rep,39.96,60.93,Rep,29.52,23.71,Rep,98.19,20.81,Rep,95.78,23.67,Rep,98.19
AL-07,-21.073,63.600,-50.00,Dem,43.80,-36.52,Dem,68.88,-62.24,Dem,26.10,-45.27,Dem,52.21,-22.93,Dem,96.39,-26.84,Dem,88.55
AK-01,7.456,61.800,27.20,Rep,64.00,-28.28,Dem,40.16,44.41,Rep,35.74,8.70,Rep,97.59,8.69,Rep,97.59,25.85,Rep,65.86
AZ-01,0.902,64.800,25.38,Rep,57.00,-32.07,Dem,43.37,-37.97,Dem,35.14,13.78,Rep,76.51,-0.67,Rep,97.19,22.90,Rep,60.64
AZ-02,-0.875,71.800,-38.55,Dem,36.20,26.09,Rep,53.01,40.02,Rep,32.73,-21.37,Dem,63.05,-0.34,Dem,99.00,-15.89,Dem,72.69
AZ-03,-13.529,22.400,-39.73,Dem,50.60,-53.46,Dem,30.12,9.57,Rep,59.04,-43.95,Dem,43.98,-11.00,Dem,95.18,-41.29,Dem,48.19
AZ-04,18.767,19.200,44.71,Rep,50.80,1.13,Dem,67.14,47.41,Rep,45.23,48.71,Rep,43.22,19.67,Rep,98.09,39.88,Rep,58.49
AZ-05,12.655,4.400,36.56,Rep,55.60,35.81,Rep,56.43,47.13,Rep,37.95,42.46,Rep,45.18,8.09,Rep,91.57,14.37,Rep,96.59
AZ-06,7.826,19.800,-24.79,Dem,44.60,41.18,Rep,41.01,41.27,Rep,40.80,-19.99,Dem,51.86,5.73,Rep,96.48,36.59,Rep,48.24
AZ-07,-22.882,55.000,-63.17,Dem,26.40,-65.71,Dem,23.49,-57.80,Dem,33.73,-23.92,Dem,97.79,-24.06,Dem,97.59,-22.20,Dem,98.39
AZ-08,11.462,20.800,39.17,Rep,49.80,40.11,Rep,47.64,25.95,Rep,72.76,32.55,Rep,60.70,8.16,Rep,93.67,36.85,Rep,53.07
AZ-09,-5.138,53.400,-31.52,Dem,52.60,-40.03,Dem,39.56,30.10,Rep,40.76,15.24,Rep,63.65,-7.85,Dem,94.98,-29.84,Dem,55.42
AR-01,14.843,51.600,38.20,Rep,56.40,-19.37,Dem,42.17,45.91,Rep,42.57,14.52,Rep,99.40,15.63,Rep,98.39,24.76,Rep,80.92
AR-02,5.797,33.600,36.60,Rep,46.20,36.95,Rep,45.03,37.91,Rep,43.62,24.45,Rep,65.93,4.61,Rep,97.69,-8.77,Dem,73.57
AR-03,16.340,63.600,51.42,Rep,36.80,54.64,Rep,31.56,44.01,Rep,47.84,46.41,Rep,43.82,15.41,Rep,98.09,14.69,Rep,96.68
AR-04,14.701,30.200,45.78,Rep,43.20,-7.82,Dem,59.64,43.96,Rep,45.58,15.91,Rep,97.79,15.39,Rep,98.39,-4.93,Dem,64.26
CA-01,9.045,26.400,38.48,Rep,47.60,39.30,Rep,45.63,35.25,Rep,52.26,32.37,Rep,57.09,7.56,Rep,97.09,12.21,Rep,94.27
CA-02,-21.656,57.800,-56.96,Dem,33.40,-57.11,Dem,33.37,-57.75,Dem,32.36,-43.03,Dem,57.09,-19.80,Dem,96.28,-20.15,Dem,96.88
CA-03,-5.994,54.800,-42.35,Dem,37.00,-30.93,Dem,54.82,-50.99,Dem,25.90,15.22,Rep,62.45,-4.53,Dem,96.99,-41.20,Dem,38.76
CA-04,8.354,10.400,46.98,Rep,34.40,44.33,Rep,36.98,54.70,Rep,24.12,33.85,Rep,53.67,2.21,Rep,88.64,37.11,Rep,48.24
CA-05,-21.470,63.200,-57.63,Dem,32.20,-68.56,Dem,19.10,-67.09,Dem,20.70,-42.75,Dem,57.29,-19.11,Dem,95.28,-42.35,Dem,58.09
CA-06,-21.044,55.200,-54.15,Dem,37.00,-58.55,Dem,30.55,-55.83,Dem,34.57,-50.35,Dem,43.02,-20.97,Dem,99.90,-20.63,Dem,99.10
CA-07,-3.871,64.800,-54.21,Dem,20.80,32.10,Rep,39.76,-44.90,Dem,31.33,32.73,Rep,38.76,-3.37,Dem,99.00,11.80,Rep,71.69
CA-08,7.368,46.800,44.92,Rep,36.00,-23.74,Dem,46.83,45.10,Rep,34.97,33.56,Rep,52.66,15.59,Rep,84.82,20.68,Rep,75.38
CA-09,-9.074,67.800,-50.42,Dem,29.40,-43.48,Dem,39.20,-52.03,Dem,27.54,-36.64,Dem,49.65,-7.95,Dem,97.89,-37.59,Dem,48.24
CA-10,-1.588,39.200,30.56,Rep,45.40,-30.66,Dem,49.00,-30.38,Dem,49.40,-26.14,Dem,56.43,1.03,Dem,95.18,-11.37,Dem,82.13
CA-11,-21.122,39.000,-50.73,Dem,42.40,-50.33,Dem,43.22,-49.03,Dem,45.63,-31.97,Dem,77.99,-28.01,Dem,85.83,-21.66,Dem,98.89
CA-12,-34.941,67.800,-59.12,Dem,47.20,-64.66,Dem,37.59,-68.84,Dem,31.16,-35.50,Dem,98.49,-38.37,Dem,92.06,-36.18,Dem,97.09
CA-13,-36.887,34.400,-55.00,Dem,58.60,-64.89,Dem,39.96,-54.78,Dem,59.44,-38.74,Dem,95.78,-39.84,Dem,93.37,-44.28,Dem,82.73
CA-14,-26.442,74.800,-57.11,Dem,38.80,-55.32,Dem,42.21,-58.24,Dem,37.19,-22.11,Dem,91.06,-29.00,Dem,94.67,-25.53,Dem,98.09
CA-15,-20.574,67.000,-42.43,Dem,56.20,-56.27,Dem,33.57,-43.50,Dem,54.67,-26.92,Dem,87.04,-19.25,Dem,97.29,-23.45,Dem,94.07
CA-16,-10.117,82.800,23.72,Rep,43.60,-43.61,Dem,40.36,-31.38,Dem,60.44,-8.88,Dem,97.39,-12.23,Dem,96.18,-48.71,Dem,32.93
CA-17,-24.285,34.000,-49.17,Dem,49.60,-44.45,Dem,58.63,-52.15,Dem,44.58,-22.69,Dem,96.79,-25.05,Dem,98.39,-27.58,Dem,93.17
CA-18,-22.720,68.200,-47.41,Dem,50.60,-49.69,Dem,46.63,-52.98,Dem,41.21,-24.19,Dem,97.09,-19.22,Dem,92.86,-22.12,Dem,98.69
CA-19,-23.514,65.400,-57.79,Dem,34.40,-49.59,Dem,47.79,-34.21,Dem,77.71,-19.59,Dem,91.97,-22.95,Dem,99.00,-20.67,Dem,94.38
CA-20,-22.547,83.400,-47.06,Dem,50.80,-52.53,Dem,41.57,-48.67,Dem,48.19,-21.08,Dem,97.19,-24.37,Dem,96.18,-24.60,Dem,95.98
CA-21,-6.633,53.000,31.76,Rep,37.40,-51.80,Dem,25.70,-59.40,Dem,17.87,-12.68,Dem,88.96,-5.46,Dem,97.79,-45.45,Dem,33.53
CA-22,6.170,34.800,-29.41,Dem,40.00,-24.61,Dem,47.24,46.04,Rep,32.56,31.77,Rep,53.87,6.31,Rep,99.70,38.38,Rep,43.22
CA-23,11.947,39.600,46.11,Rep,39.40,40.55,Rep,47.59,33.51,Rep,59.44,28.36,Rep,68.88,13.03,Rep,97.99,30.61,Rep,64.86
CA-24,-7.878,59.000,-31.69,Dem,56.00,-32.83,Dem,54.27,-37.68,Dem,46.43,18.14,Rep,54.87,-5.36,Dem,95.28,-21.23,Dem,74.77
CA-25,-1.219,48.400,-32.34,Dem,45.60,-47.25,Dem,26.10,27.95,Rep,49.40,-20.16,Dem,65.66,-3.42,Dem,95.98,-16.68,Dem,71.69
CA-26,-8.107,61.800,30.38,Rep,37.60,24.20,Rep,45.23,-37.51,Dem,47.04,14.24,Rep,60.70,-7.38,Dem,98.69,-37.51,Dem,47.04
CA-27,-16.330,39.800,-42.00,Dem,50.60,-38.29,Dem,57.49,-37.58,Dem,58.69,-13.23,Dem,94.27,-13.81,Dem,95.28,-46.55,Dem,43.22
CA-28,-22.892,75.000,-51.82,Dem,43.20,-55.98,Dem,36.75,-64.07,Dem,25.50,-22.01,Dem,98.19,-26.34,Dem,92.97,-23.90,Dem,97.99
CA-29,-28.231,78.000,-70.11,Dem,22.80,-54.15,Dem,46.79,-47.96,Dem,58.43,-28.28,Dem,100.00,-28.43,Dem,99.80,-29.72,Dem,96.79
CA-30,-19.014,69.400,-46.90,Dem,46.00,-41.20,Dem,56.48,-35.73,Dem,66.73,-17.56,Dem,97.29,-18.86,Dem,99.70,-21.25,Dem,95.68
CA-31,-9.573,63.400,-42.95,Dem,40.20,-43.58,Dem,39.60,-45.42,Dem,36.78,-41.80,Dem,42.21,-10.85,Dem,97.49,-43.45,Dem,39.80
CA-32,-17.785,48.000,-40.76,Dem,55.20,-41.74,Dem,53.47,-50.90,Dem,38.19,-17.15,Dem,98.69,-15.72,Dem,96.08,-44.85,Dem,48.04
CA-33,-16.320,59.400,-40.27,Dem,53.60,-49.74,Dem,38.19,-44.90,Dem,45.83,-44.02,Dem,47.44,-17.27,Dem,98.09,-39.28,Dem,55.68
CA-34,-33.496,44.800,-54.75,Dem,53.40,-60.54,Dem,42.77,-66.45,Dem,33.13,-33.28,Dem,99.40,-35.57,Dem,95.38,-33.40,Dem,99.80
CA-35,-19.045,66.400,-49.70,Dem,41.60,-59.90,Dem,27.11,-45.84,Dem,48.39,-22.20,Dem,93.98,-17.22,Dem,96.18,-18.99,Dem,99.60
CA-36,-2.927,61.600,-42.70,Dem,33.40,20.82,Rep,58.03,-36.16,Dem,42.57,-15.14,Dem,77.71,-1.65,Dem,97.39,-18.06,Dem,72.49
CA-37,-34.791,48.200,-51.09,Dem,63.20,-65.00,Dem,36.98,-59.66,Dem,46.23,-38.24,Dem,92.06,-32.04,Dem,93.67,-34.26,Dem,98.69
CA-38,-17.679,38.400,-41.03,Dem,54.60,-46.56,Dem,45.18,-62.16,Dem,23.09,-17.23,Dem,99.00,-14.66,Dem,93.98,-29.18,Dem,77.31
CA-39,-1.210,39.600,-23.95,Dem,59.00,-34.94,Dem,42.01,38.42,Rep,34.57,20.22,Rep,61.91,3.33,Dem,91.66,29.91,Rep,46.43
CA-40,-31.935,66.400,-53.40,Dem,53.40,-57.89,Dem,45.23,-66.92,Dem,30.55,-30.70,Dem,97.49,-29.75,Dem,95.28,-43.38,Dem,74.37
CA-41,-13.439,39.800,-54.90,Dem,28.00,-39.94,Dem,50.25,-58.54,Dem,23.52,-39.33,Dem,51.26,-10.38,Dem,94.27,-15.38,Dem,95.88
CA-42,6.888,50.200,38.08,Rep,45.20,-20.96,Dem,51.81,37.05,Rep,46.18,24.11,Rep,68.07,8.24,Rep,97.39,21.81,Rep,72.49
CA-43,-28.748,29.400,-56.89,Dem,42.20,-57.77,Dem,41.01,-61.58,Dem,34.97,-28.04,Dem,98.49,-35.07,Dem,86.23,-25.29,Dem,92.46
CA-44,-33.347,61.000,-61.88,Dem,40.20,-48.13,Dem,67.07,-62.40,Dem,39.56,-35.43,Dem,95.38,-33.45,Dem,100.00,-32.05,Dem,96.99
CA-45,1.568,65.800,35.06,Rep,43.20,34.23,Rep,43.78,29.44,Rep,51.00,24.41,Rep,59.44,2.66,Rep,97.99,22.62,Rep,62.25
CA-46,-15.771,76.000,-55.45,Dem,29.60,-53.90,Dem,31.76,-48.05,Dem,40.40,-12.82,Dem,94.27,-17.79,Dem,96.28,-40.83,Dem,52.26
CA-47,-13.488,42.200,-53.10,Dem,30.40,-36.29,Dem,57.03,-39.13,Dem,51.81,-24.82,Dem,78.31,-14.30,Dem,98.59,-12.33,Dem,97.79
CA-48,2.636,40.600,32.17,Rep,48.60,32.75,Rep,47.19,36.53,Rep,41.57,5.64,Rep,94.38,3.17,Rep,99.00,32.17,Rep,47.99
CA-49,-0.241,35.600,25.51,Rep,55.40,-24.95,Dem,56.08,29.73,Rep,48.24,23.74,Rep,57.69,-7.53,Dem,86.43,29.73,Rep,48.04
CA-50,9.583,26.800,48.65,Rep,33.20,44.30,Rep,38.59,48.11,Rep,33.37,-14.84,Dem,57.09,9.47,Rep,99.70,30.73,Rep,60.90
CA-51,-21.972,63.600,-36.46,Dem,70.00,-58.74,Dem,31.33,-33.94,Dem,75.50,-22.16,Dem,99.40,-21.96,Dem,99.80,-20.32,Dem,96.79
CA-52,-7.358,80.200,-41.41,Dem,39.80,-45.60,Dem,34.14,-44.56,Dem,35.54,-32.40,Dem,54.22,-11.12,Dem,93.17,-25.22,Dem,66.87
CA-53,-15.023,62.600,-43.29,Dem,46.80,-54.97,Dem,29.55,-38.02,Dem,56.08,-16.17,Dem,97.69,-27.04,Dem,76.58,-36.86,Dem,58.09
CO-01,-21.148,55.800,-50.28,Dem,43.40,-38.43,Dem,65.26,-50.14,Dem,43.78,-21.92,Dem,98.59,-19.76,Dem,97.19,-48.18,Dem,47.19
CO-02,-10.138,40.000,-46.96,Dem,35.00,-45.59,Dem,37.19,-50.70,Dem,30.15,-36.50,Dem,51.46,-8.73,Dem,97.29,-16.32,Dem,88.44
CO-03,4.635,33.000,31.02,Rep,53.40,50.38,Rep,25.50,-29.04,Dem,42.97,2.25,Rep,95.78,12.12,Rep,86.35,-11.89,Dem,70.28
CO-04,10.799,9.200,37.20,Rep,52.00,-13.78,Dem,56.83,47.56,Rep,35.34,27.66,Rep,68.27,12.27,Rep,97.19,-15.84,Dem,53.61
CO-05,11.401,14.400,42.49,Rep,44.20,58.39,Rep,22.29,43.45,Rep,42.17,12.77,Rep,97.59,10.82,Rep,99.00,29.46,Rep,66.06
CO-06,-3.533,57.600,-29.72,Dem,53.00,-34.68,Dem,45.38,-40.47,Dem,36.95,12.20,Rep,71.69,-3.07,Dem,99.00,-17.76,Dem,73.90
CO-07,-6.925,60.600,-49.07,Dem,28.80,17.00,Rep,58.29,15.13,Rep,61.11,-21.59,Dem,72.56,-9.93,Dem,94.47,-33.92,Dem,51.06
CT-01,-12.604,49.600,22.80,Rep,41.60,-38.45,Dem,52.01,-43.98,Dem,42.77,-31.08,Dem,65.06,-24.10,Dem,78.11,-41.96,Dem,45.98
CT-02,-4.053,46.600,-25.99,Dem,60.00,33.48,Rep,37.59,-42.25,Dem,35.18,-29.16,Dem,55.08,-13.48,Dem,82.61,17.37,Rep,62.11
CT-03,-10.493,43.600,-52.83,Dem,27.80,-58.47,Dem,21.49,-57.61,Dem,22.29,-25.08,Dem,72.49,-10.66,Dem,99.60,-18.29,Dem,85.34
CT-04,-8.527,70.400,-42.65,Dem,39.60,-43.33,Dem,38.79,-30.10,Dem,60.10,-13.16,Dem,91.46,-7.19,Dem,97.49,-46.80,Dem,33.97
CT-05,-3.074,44.600,-36.24,Dem,42.20,29.58,Rep,44.62,-29.10,Dem,53.47,-40.46,Dem,36.38,-0.26,Dem,94.87,-31.45,Dem,49.85
DE-01,-7.603,53.800,-43.63,Dem,37.00,-38.16,Dem,45.23,-35.63,Dem,49.45,-6.32,Dem,97.69,-7.03,Dem,99.10,-28.55,Dem,61.31
FL-01,19.596,25.600,41.70,Rep,56.80,54.95,Rep,34.54,55.59,Rep,33.53,40.08,Rep,59.44,16.51,Rep,93.98,41.34,Rep,57.03
FL-02,17.782,35.400,46.33,Rep,46.20,32.60,Rep,70.68,52.52,Rep,35.94,17.76,Rep,100.00,18.30,Rep,98.59,50.81,Rep,38.35
FL-03,8.090,11.200,49.99,Rep,30.20,40.10,Rep,43.22,48.67,Rep,30.95,45.23,Rep,35.58,9.68,Rep,96.88,31.25,Rep,57.49
FL-04,14.108,52.000,37.95,Rep,55.40,53.67,Rep,30.52,39.93,Rep,51.41,16.44,Rep,95.38,14.09,Rep,100.00,13.62,Rep,99.20
FL-05,-12.671,75.600,-38.16,Dem,52.20,-39.24,Dem,50.45,-47.35,Dem,37.79,-36.81,Dem,54.67,-12.45,Dem,99.30,-39.37,Dem,50.25
FL-06,8.743,44.000,48.05,Rep,33.20,39.85,Rep,44.18,39.97,Rep,43.98,23.99,Rep,71.49,6.29,Rep,95.78,23.29,Rep,72.69
FL-07,-3.816,78.000,-32.17,Dem,49.20,-28.63,Dem,55.28,-36.25,Dem,43.22,13.08,Rep,69.95,-2.91,Dem,98.49,1.47,Rep,90.65
FL-08,10.534,30.000,59.26,Rep,21.40,-30.35,Dem,33.73,-15.12,Dem,55.22,25.07,Rep,72.49,10.73,Rep,99.60,26.97,Rep,69.08
FL-09,-6.442,44.200,-32.91,Dem,52.00,32.03,Rep,36.75,-42.80,Dem,37.15,-26.99,Dem,62.45,-5.63,Dem,98.39,-39.49,Dem,41.97
FL-10,-13.485,60.600,-49.78,Dem,34.80,-43.72,Dem,44.22,-53.92,Dem,29.35,-40.82,Dem,49.05,-12.48,Dem,98.09,-16.15,Dem,94.67
FL-11,16.002,37.200,64.19,Rep,20.80,44.15,Rep,47.24,49.59,Rep,38.39,34.82,Rep,63.72,16.26,Rep,99.50,40.81,Rep,52.86
FL-12,9.455,44.800,30.13,Rep,62.00,41.52,Rep,42.57,37.95,Rep,48.39,41.84,Rep,42.17,10.74,Rep,97.39,26.09,Rep,68.67
FL-13,-1.568,63.200,-38.54,Dem,37.20,-16.63,Dem,72.56,-30.23,Dem,49.65,-26.68,Dem,55.28,-0.06,Dem,97.29,-30.23,Dem,49.65
FL-14,-9.146,38.800,-49.98,Dem,30.00,16.69,Rep,55.08,-48.52,Dem,32.16,-31.48,Dem,58.69,-9.45,Dem,99.70,-35.48,Dem,51.86
FL-15,5.098,32.800,47.42,Rep,30.40,-19.40,Dem,56.83,42.70,Rep,35.94,-26.83,Dem,45.38,3.80,Rep,97.59,31.66,Rep,52.61
FL-16,5.490,46.600,-23.64,Dem,49.60,42.67,Rep,36.35,39.99,Rep,40.16,41.59,Rep,37.75,5.08,Rep,99.20,16.35,Rep,79.92
FL-17,13.649,17.600,57.62,Rep,25.80,54.08,Rep,29.52,46.07,Rep,40.76,11.96,Rep,96.99,11.09,Rep,95.38,32.85,Rep,63.25
FL-18,4.779,38.000,34.62,Rep,47.80,37.45,Rep,42.97,36.96,Rep,43.57,18.91,Rep,74.10,7.26,Rep,95.18,21.34,Rep,69.48
FL-19,11.110,31.800,50.05,Rep,33.00,36.58,Rep,52.81,-10.39,Dem,61.65,36.89,Rep,52.41,10.42,Rep,98.80,19.81,Rep,83.53
FL-20,-29.540,44.400,-56.06,Dem,45.00,-67.02,Dem,27.94,-48.95,Dem,58.49,-29.51,Dem,99.90,-29.61,Dem,99.90,-30.58,Dem,97.69
FL-21,-9.703,45.400,-40.82,Dem,44.00,-42.61,Dem,41.21,-38.57,Dem,47.64,-37.27,Dem,49.85,-7.47,Dem,95.88,-29.39,Dem,63.52
FL-22,-7.946,43.000,-36.09,Dem,48.80,-64.06,Dem,14.67,-41.02,Dem,41.41,16.25,Rep,57.69,-9.53,Dem,97.09,-40.85,Dem,41.81
FL-23,-13.070,46.200,-36.71,Dem,55.00,-49.46,Dem,34.97,-53.44,Dem,29.55,-32.83,Dem,62.31,-15.22,Dem,95.68,6.76,Rep,64.52
FL-24,-31.657,65.000,-56.94,Dem,46.40,-62.80,Dem,36.78,-57.31,Dem,46.03,-34.68,Dem,93.47,-31.19,Dem,99.10,-30.23,Dem,96.68
FL-25,0.916,53.400,-43.84,Dem,27.80,-20.70,Dem,61.31,35.14,Rep,41.61,-22.14,Dem,59.10,2.13,Rep,97.69,-13.69,Dem,73.37
FL-26,-8.073,51.800,-53.29,Dem,25.20,-35.53,Dem,50.40,-41.63,Dem,40.76,-34.39,Dem,52.21,-6.98,Dem,97.79,-7.67,Dem,99.00
FL-27,-9.876,50.400,-54.47,Dem,25.40,-42.22,Dem,41.97,-44.49,Dem,38.55,-39.55,Dem,46.18,-12.26,Dem,95.38,-29.84,Dem,62.65
GA-01,7.137,20.200,39.90,Rep,43.00,36.14,Rep,48.19,50.65,Rep,27.71,21.14,Rep,74.30,10.49,Rep,93.78,39.15,Rep,43.37
GA-02,-7.325,61.600,-31.14,Dem,56.20,27.57,Rep,41.81,-33.44,Dem,52.86,19.06,Rep,54.27,-6.65,Dem,98.69,-33.50,Dem,52.66
GA-03,16.002,22.400,43.40,Rep,49.00,45.31,Rep,44.98,63.52,Rep,20.48,45.61,Rep,44.58,13.84,Rep,95.98,37.79,Rep,58.23
GA-04,-24.407,54.400,-65.82,Dem,24.60,-47.48,Dem,53.27,-60.94,Dem,31.16,-24.74,Dem,99.50,-31.32,Dem,85.63,-22.25,Dem,95.48
GA-05,-32.947,44.800,-54.43,Dem,53.40,-59.26,Dem,44.42,-56.80,Dem,48.84,-32.38,Dem,98.89,-31.81,Dem,97.29,-28.65,Dem,90.45
GA-06,6.362,45.000,41.18,Rep,40.20,42.59,Rep,37.39,34.07,Rep,50.25,-10.97,Dem,68.74,8.07,Rep,96.68,36.03,Rep,47.24
GA-07,7.107,18.400,40.24,Rep,42.40,39.95,Rep,42.17,51.16,Rep,26.91,36.54,Rep,47.39,4.29,Rep,94.98,8.70,Rep,97.19
GA-08,13.224,26.200,53.08,Rep,31.20,-10.05,Dem,58.84,43.12,Rep,44.98,43.89,Rep,43.98,11.73,Rep,97.39,22.11,Rep,83.13
GA-09,27.739,35.800,68.21,Rep,26.00,49.66,Rep,54.47,61.63,Rep,33.97,28.09,Rep,99.50,28.65,Rep,98.29,38.17,Rep,77.99
GA-10,12.869,8.200,38.54,Rep,53.00,64.88,Rep,17.07,50.20,Rep,33.94,40.96,Rep,48.19,11.54,Rep,97.39,48.04,Rep,37.15
GA-11,15.028,15.800,58.55,Rep,26.20,51.66,Rep,34.37,50.19,Rep,36.38,32.50,Rep,66.53,14.35,Rep,98.69,26.74,Rep,77.39
GA-12,7.067,12.400,44.04,Rep,37.00,-30.07,Dem,38.55,-27.65,Dem,41.97,36.68,Rep,47.19,9.86,Rep,94.78,23.30,Rep,69.88
GA-13,-20.406,80.200,-51.63,Dem,40.40,-58.60,Dem,30.12,-53.86,Dem,37.15,-20.95,Dem,99.00,-17.19,Dem,93.57,-21.25,Dem,98.39
GA-14,24.505,18.600,58.44,Rep,35.60,46.42,Rep,55.28,51.38,Rep,46.43,24.06,Rep,99.10,25.12,Rep,98.49,26.96,Rep,94.87
HI-01,-18.146,96.000,-50.99,Dem,38.40,-49.96,Dem,40.16,-41.32,Dem,55.02,-21.44,Dem,93.57,-17.66,Dem,99.00,-29.57,Dem,77.31
HI-02,-18.962,82.200,-64.65,Dem,21.40,-52.23,Dem,37.75,-49.24,Dem,42.57,-17.57,Dem,96.99,-18.65,Dem,99.20,-17.00,Dem,95.98
ID-01,17.895,24.600,43.22,Rep,52.00,36.13,Rep,64.12,44.07,Rep,49.65,18.99,Rep,97.69,17.19,Rep,98.49,24.13,Rep,87.84
ID-02,14.259,71.000,59.26,Rep,24.40,-17.28,Dem,45.63,43.44,Rep,45.83,47.00,Rep,40.00,13.40,Rep,98.09,14.31,Rep,99.90
IL-01,-26.870,56.200,-67.80,Dem,24.40,-61.60,Dem,32.76,-59.38,Dem,35.98,-24.11,Dem,94.27,-28.03,Dem,97.69,-29.19,Dem,95.08
IL-02,-28.848,63.200,-74.48,Dem,18.40,-61.63,Dem,34.97,-63.16,Dem,32.56,-28.37,Dem,99.10,-29.97,Dem,97.49,-28.31,Dem,98.89
IL-03,-7.368,70.800,-44.57,Dem,35.20,-52.11,Dem,25.93,-40.40,Dem,41.61,-34.22,Dem,51.26,-7.57,Dem,99.50,-41.94,Dem,39.20
IL-04,-31.380,51.600,-59.54,Dem,41.40,-59.08,Dem,42.37,-56.37,Dem,47.19,-32.71,Dem,97.19,-31.02,Dem,99.40,-33.25,Dem,95.78
IL-05,-19.839,75.000,-54.46,Dem,35.20,-61.48,Dem,25.73,-44.49,Dem,51.86,-20.37,Dem,99.10,-18.84,Dem,97.89,-19.19,Dem,98.49
IL-06,0.346,32.400,30.04,Rep,49.20,-32.84,Dem,43.17,35.15,Rep,40.76,-18.20,Dem,66.67,-0.55,Rep,98.39,-0.71,Rep,97.99
IL-07,-35.525,70.200,-55.66,Dem,55.20,-63.00,Dem,41.57,-70.39,Dem,29.72,-35.51,Dem,99.80,-37.28,Dem,96.18,-33.42,Dem,94.98
IL-08,-9.603,59.600,-39.78,Dem,45.20,-49.62,Dem,31.12,27.62,Rep,38.55,-29.60,Dem,62.65,-11.01,Dem,97.39,-36.89,Dem,50.00
IL-09,-18.827,25.800,-54.71,Dem,33.80,-55.94,Dem,32.33,-46.57,Dem,46.59,-14.84,Dem,91.97,-20.22,Dem,97.39,-19.73,Dem,98.39
IL-10,-11.442,88.600,-45.51,Dem,38.60,11.12,Rep,60.10,-40.71,Dem,46.43,-41.81,Dem,44.62,-13.42,Dem,96.08,-12.45,Dem,98.09
IL-11,-10.107,76.000,-34.82,Dem,54.20,-38.92,Dem,47.59,-36.86,Dem,51.00,-7.13,Dem,94.18,-10.18,Dem,100.00,-48.74,Dem,32.93
IL-12,3.349,58.400,-32.22,Dem,40.00,-23.45,Dem,53.07,34.53,Rep,45.63,6.11,Rep,95.08,5.53,Rep,96.08,11.76,Rep,84.62
IL-13,1.448,53.400,36.96,Rep,40.20,33.59,Rep,44.38,-33.87,Dem,40.36,14.67,Rep,75.90,2.27,Rep,98.19,-20.64,Dem,60.64
IL-14,3.533,13.600,56.90,Rep,19.00,-16.26,Dem,64.52,29.36,Rep,54.07,32.55,Rep,48.84,3.13,Rep,99.30,-24.91,Dem,50.65
IL-15,18.845,63.800,49.40,Rep,43.00,38.63,Rep,61.11,48.52,Rep,43.62,44.54,Rep,50.45,15.42,Rep,93.47,19.81,Rep,98.29
IL-16,6.204,61.600,-18.08,Dem,57.20,61.66,Rep,15.66,50.08,Rep,27.31,32.22,Rep,53.21,16.96,Rep,79.92,26.82,Rep,62.45
IL-17,-4.070,63.800,-35.72,Dem,44.20,21.83,Rep,54.87,-27.81,Dem,57.29,-25.32,Dem,61.51,-2.38,Dem,96.88,-13.22,Dem,83.02
IL-18,12.965,40.000,-15.94,Dem,50.00,39.91,Rep,49.80,49.91,Rep,34.14,14.70,Rep,96.59,12.61,Rep,99.40,36.90,Rep,54.82
IN-01,-9.180,44.000,-41.96,Dem,41.20,-32.91,Dem,56.08,-51.09,Dem,28.74,16.87,Rep,54.67,-10.75,Dem,97.09,-43.63,Dem,38.99
IN-02,9.420,41.200,36.17,Rep,51.80,38.89,Rep,46.63,43.83,Rep,39.20,38.66,Rep,47.04,8.85,Rep,99.10,36.97,Rep,49.85
IN-03,15.286,21.000,39.55,Rep,54.80,54.06,Rep,31.36,38.97,Rep,55.08,19.14,Rep,92.66,14.68,Rep,98.69,38.10,Rep,56.68
IN-04,14.611,50.000,52.16,Rep,33.60,51.32,Rep,34.14,54.41,Rep,29.92,42.25,Rep,48.19,14.17,Rep,99.40,14.01,Rep,99.00
IN-05,7.246,49.800,38.92,Rep,44.60,40.11,Rep,42.21,34.92,Rep,50.25,33.43,Rep,52.66,9.48,Rep,95.68,3.71,Rep,93.47
IN-06,15.829,48.400,-7.26,Dem,58.40,48.96,Rep,39.16,54.59,Rep,31.12,38.64,Rep,56.43,14.95,Rep,98.39,19.11,Rep,93.57
IN-07,-12.475,44.000,-56.38,Dem,25.20,-39.83,Dem,49.40,-47.37,Dem,37.55,-11.89,Dem,98.59,-14.09,Dem,97.19,-43.07,Dem,44.18
IN-08,13.090,50.200,41.55,Rep,48.20,-17.00,Dem,48.04,35.99,Rep,57.09,31.02,Rep,66.13,10.68,Rep,95.48,38.08,Rep,53.47
IN-09,10.944,46.600,45.97,Rep,38.60,40.96,Rep,45.43,49.26,Rep,32.96,17.91,Rep,86.83,11.43,Rep,98.89,13.31,Rep,95.28
IA-01,-2.535,59.400,-31.28,Dem,49.20,27.72,Rep,47.79,39.10,Rep,32.13,-19.27,Dem,69.68,-3.54,Dem,98.19,-35.26,Dem,43.37
IA-02,-2.171,54.800,-33.07,Dem,46.00,27.27,Rep,48.84,-48.14,Dem,25.73,-35.08,Dem,43.22,-3.84,Dem,97.09,16.91,Rep,65.73
IA-03,-0.241,56.200,-40.62,Dem,32.80,38.23,Rep,35.78,-20.15,Dem,64.12,-11.49,Dem,79.20,-0.45,Dem,99.50,25.51,Rep,54.67
IA-04,9.005,18.600,53.30,Rep,27.00,38.60,Rep,46.43,49.39,Rep,30.95,36.34,Rep,50.25,10.09,Rep,98.09,32.65,Rep,56.48
KS-01,21.610,40.600,56.76,Rep,34.60,39.96,Rep,62.85,50.69,Rep,43.37,18.38,Rep,93.57,18.94,Rep,94.98,38.65,Rep,65.26
KS-02,8.076,24.000,46.91,Rep,34.00,34.21,Rep,52.46,40.75,Rep,42.01,9.40,Rep,97.49,7.44,Rep,99.10,40.31,Rep,42.81
KS-03,2.145,52.200,-29.37,Dem,45.60,38.09,Rep,38.79,37.72,Rep,39.20,-17.59,Dem,64.52,5.44,Rep,93.87,-25.18,Dem,52.06
KS-04,13.286,23.000,-22.65,Dem,39.80,56.04,Rep,26.73,35.24,Rep,58.49,35.69,Rep,57.69,13.74,Rep,98.89,44.64,Rep,42.41
KY-01,20.397,24.600,42.01,Rep,57.80,66.95,Rep,20.30,51.59,Rep,40.60,21.76,Rep,97.09,21.58,Rep,97.49,17.96,Rep,95.08
KY-02,17.056,53.000,56.56,Rep,30.20,55.70,Rep,30.72,42.52,Rep,51.00,20.73,Rep,92.57,17.11,Rep,99.60,15.32,Rep,96.99
KY-03,-7.097,45.000,-46.15,Dem,33.00,20.06,Rep,53.07,21.31,Rep,51.26,-22.32,Dem,71.56,-4.09,Dem,94.47,-36.62,Dem,47.04
KY-04,16.105,17.000,53.96,Rep,33.00,62.89,Rep,21.31,48.80,Rep,39.80,39.41,Rep,55.28,25.55,Rep,81.61,10.88,Rep,90.05
KY-05,27.412,87.200,43.18,Rep,67.40,54.84,Rep,44.42,53.79,Rep,46.23,26.83,Rep,98.89,25.22,Rep,95.48,28.37,Rep,97.89
KY-06,7.358,30.000,45.27,Rep,35.40,44.38,Rep,35.94,38.70,Rep,44.18,32.35,Rep,54.62,15.27,Rep,85.34,29.46,Rep,59.44
LA-01,21.274,35.000,53.04,Rep,40.00,54.08,Rep,37.75,59.27,Rep,30.12,22.59,Rep,96.99,20.08,Rep,97.59,46.65,Rep,50.00
LA-02,-25.416,52.800,-47.44,Dem,54.80,-46.94,Dem,55.82,-55.59,Dem,40.56,-25.97,Dem,98.80,-27.86,Dem,95.18,-27.25,Dem,96.18
LA-03,17.815,30.400,45.31,Rep,48.00,52.80,Rep,35.74,42.47,Rep,52.41,21.85,Rep,91.97,15.77,Rep,96.18,18.72,Rep,97.99
LA-04,10.864,25.600,29.67,Rep,65.40,41.36,Rep,44.78,55.05,Rep,25.90,35.26,Rep,54.82,11.57,Rep,98.80,51.10,Rep,30.72
LA-05,13.194,29.800,44.73,Rep,43.00,54.08,Rep,29.12,-15.68,Dem,50.20,49.07,Rep,35.94,14.93,Rep,96.59,14.87,Rep,96.79
LA-06,16.963,45.600,34.56,Rep,66.20,46.14,Rep,44.98,53.70,Rep,33.53,17.03,Rep,99.80,17.32,Rep,99.20,41.67,Rep,52.61
ME-01,-9.104,41.200,-51.83,Dem,27.80,-42.94,Dem,39.96,-38.99,Dem,45.98,-32.92,Dem,56.02,-6.89,Dem,95.78,-22.42,Dem,74.90
ME-02,0.500,71.600,50.35,Rep,23.00,-29.16,Dem,48.44,-26.26,Dem,52.86,-22.40,Dem,59.10,12.47,Rep,78.19,28.00,Rep,51.66
MD-01,12.204,16.800,46.65,Rep,38.80,46.98,Rep,37.75,44.51,Rep,41.57,-13.90,Dem,54.22,12.61,Rep,99.00,46.00,Rep,39.16
MD-02,-12.263,67.000,-36.33,Dem,54.80,-44.83,Dem,40.80,-41.68,Dem,45.83,-34.97,Dem,57.29,-10.46,Dem,96.68,-38.30,Dem,51.66
MD-03,-13.879,40.000,-59.83,Dem,22.60,-38.89,Dem,52.81,-58.03,Dem,24.70,-16.29,Dem,95.58,-26.09,Dem,76.31,-39.21,Dem,52.21
MD-04,-27.312,84.800,-61.35,Dem,33.40,-48.56,Dem,55.68,-49.55,Dem,53.67,-21.40,Dem,87.64,-24.40,Dem,93.87,-28.25,Dem,97.89
MD-05,-16.701,58.800,-46.47,Dem,43.80,-61.45,Dem,23.09,-50.09,Dem,38.35,-25.11,Dem,83.53,-21.38,Dem,90.76,-31.12,Dem,71.89
MD-06,-6.851,61.000,-38.14,Dem,44.20,-42.26,Dem,38.35,-34.46,Dem,50.20,-38.99,Dem,43.17,-8.77,Dem,96.59,-32.47,Dem,53.41
MD-07,-25.613,62.000,-56.91,Dem,38.20,-54.68,Dem,42.21,-66.50,Dem,24.92,-25.28,Dem,99.30,-24.24,Dem,96.88,-25.77,Dem,99.70
MD-08,-14.828,30.000,-46.61,Dem,41.40,-48.64,Dem,38.35,-40.94,Dem,50.80,-46.76,Dem,41.16,-18.01,Dem,94.18,-15.13,Dem,99.60
MA-01,-12.473,46.000,-32.14,Dem,62.60,-32.69,Dem,61.65,-58.52,Dem,22.89,-18.04,Dem,89.56,-12.82,Dem,99.60,-11.87,Dem,98.59
MA-02,-9.836,25.800,-44.67,Dem,38.00,-47.74,Dem,33.94,-55.10,Dem,24.70,-32.22,Dem,58.43,-9.60,Dem,99.60,-40.71,Dem,44.18
MA-03,-9.621,42.400,-64.96,Dem,14.80,-50.36,Dem,30.12,-36.26,Dem,51.20,-9.93,Dem,99.60,-6.83,Dem,94.78,-32.45,Dem,57.63
MA-04,-9.985,41.800,-26.41,Dem,68.80,-50.30,Dem,30.52,-32.68,Dem,57.83,-15.26,Dem,90.16,-18.08,Dem,84.74,-36.12,Dem,52.01
MA-05,-18.647,43.200,-62.58,Dem,23.20,-53.37,Dem,35.58,-41.94,Dem,54.27,-36.33,Dem,64.92,-16.73,Dem,96.28,-39.20,Dem,59.30
MA-06,-7.154,60.400,-39.17,Dem,43.00,26.61,Rep,43.02,-32.14,Dem,54.67,-26.49,Dem,64.32,-9.98,Dem,94.67,11.92,Rep,65.93
MA-07,-32.545,91.400,-60.88,Dem,40.80,-66.05,Dem,32.73,-58.93,Dem,44.38,-31.01,Dem,96.39,-32.63,Dem,100.00,-30.63,Dem,95.58
MA-08,-10.783,54.800,-55.08,Dem,25.40,-36.28,Dem,52.66,-27.04,Dem,69.35,-41.96,Dem,43.42,-7.63,Dem,94.27,-37.53,Dem,50.65
MA-09,-5.739,51.200,-48.23,Dem,28.80,-28.79,Dem,58.03,-39.92,Dem,40.36,-26.39,Dem,62.25,-8.15,Dem,95.58,-27.74,Dem,60.04
MI-01,7.563,39.400,47.09,Rep,33.20,30.37,Rep,58.23,36.25,Rep,48.39,34.77,Rep,50.80,10.21,Rep,94.98,43.87,Rep,36.95
MI-02,7.786,19.800,32.83,Rep,54.80,37.71,Rep,46.39,39.55,Rep,43.37,32.61,Rep,54.62,9.15,Rep,97.39,-16.99,Dem,56.63
MI-03,4.340,51.800,40.45,Rep,38.60,-29.56,Dem,42.57,-39.58,Dem,29.52,5.16,Rep,98.19,4.83,Rep,99.00,12.12,Rep,85.74
MI-04,8.294,44.600,51.33,Rep,28.80,37.34,Rep,47.84,44.39,Rep,36.98,-13.95,Dem,60.50,6.08,Rep,95.88,-15.61,Dem,57.89
MI-05,-6.697,42.200,14.34,Rep,63.40,-44.43,Dem,34.94,-52.48,Dem,24.90,-23.89,Dem,68.27,-6.27,Dem,99.00,-31.83,Dem,54.42
MI-06,2.597,46.400,40.41,Rep,36.60,49.28,Rep,24.90,31.42,Rep,49.20,-16.93,Dem,65.26,1.43,Rep,97.99,30.70,Rep,50.20
MI-07,5.108,25.600,39.82,Rep,40.80,-22.34,Dem,52.26,30.81,Rep,53.87,4.80,Rep,99.50,-0.37,Rep,90.05,-15.45,Dem,63.32
MI-08,2.566,41.800,45.51,Rep,30.40,42.15,Rep,33.77,39.68,Rep,37.19,-9.30,Dem,78.39,5.51,Rep,94.47,-21.12,Dem,58.29
MI-09,-5.883,25.400,-29.06,Dem,57.60,-36.22,Dem,46.03,-42.67,Dem,36.58,8.62,Rep,74.17,-8.93,Dem,94.27,-6.97,Dem,97.89
MI-10,11.070,43.400,46.01,Rep,38.40,43.39,Rep,41.77,39.89,Rep,47.39,10.74,Rep,99.60,8.38,Rep,95.18,42.43,Rep,43.17
MI-11,2.607,34.000,31.79,Rep,49.40,41.61,Rep,34.34,-34.13,Dem,38.55,23.42,Rep,62.45,8.58,Rep,88.96,22.86,Rep,63.25
MI-12,-14.828,51.400,-44.76,Dem,44.40,-56.40,Dem,27.71,-48.80,Dem,38.15,-43.13,Dem,46.99,-23.32,Dem,83.53,-40.04,Dem,52.41
MI-13,-31.142,93.400,-54.81,Dem,49.60,-61.76,Dem,37.59,-47.53,Dem,64.32,-29.68,Dem,97.09,-33.00,Dem,95.88,-32.08,Dem,97.89
MI-14,-29.174,66.800,-36.36,Dem,84.20,-57.57,Dem,42.17,-48.40,Dem,59.44,-30.66,Dem,96.79,-28.87,Dem,99.20,-30.49,Dem,97.59
MN-01,3.334,32.200,-28.16,Dem,45.60,29.01,Rep,54.47,-17.24,Dem,63.12,21.68,Rep,66.93,8.04,Rep,91.46,21.35,Rep,67.34
MN-02,0.300,47.400,33.44,Rep,43.80,36.90,Rep,38.39,37.68,Rep,36.98,23.53,Rep,58.69,-2.53,Rep,94.87,28.13,Rep,51.26
MN-03,-2.484,63.200,-39.06,Dem,37.60,-35.55,Dem,42.61,-42.49,Dem,33.17,15.48,Rep,67.74,-0.00,Dem,95.28,-17.33,Dem,72.96
MN-04,-14.458,48.400,-43.51,Dem,45.60,-41.56,Dem,49.05,-53.11,Dem,31.36,-38.34,Dem,54.67,-14.15,Dem,99.30,-17.42,Dem,94.27
MN-05,-25.381,90.200,-52.43,Dem,45.40,-49.17,Dem,51.41,-67.00,Dem,24.10,-26.04,Dem,98.80,-34.54,Dem,80.92,-23.02,Dem,94.98
MN-06,10.357,37.600,41.40,Rep,44.40,43.03,Rep,41.37,45.19,Rep,37.95,36.31,Rep,52.01,9.35,Rep,98.39,38.20,Rep,49.00
MN-07,10.220,55.800,42.38,Rep,43.00,57.49,Rep,22.31,40.44,Rep,45.43,39.80,Rep,46.43,11.33,Rep,98.09,29.38,Rep,64.32
MN-08,2.474,55.600,30.46,Rep,51.40,43.26,Rep,32.16,30.29,Rep,51.06,26.53,Rep,57.29,2.44,Rep,99.50,13.84,Rep,79.40
MS-01,14.444,21.000,40.32,Rep,52.00,42.70,Rep,47.39,50.82,Rep,34.74,44.66,Rep,44.18,29.03,Rep,71.89,50.00,Rep,35.94
MS-02,-15.263,34.400,-53.06,Dem,32.20,-47.43,Dem,40.80,-53.06,Dem,32.36,-42.63,Dem,48.44,-17.00,Dem,96.68,-39.28,Dem,54.27
MS-03,11.298,35.600,58.92,Rep,22.60,63.47,Rep,17.47,33.77,Rep,58.23,31.64,Rep,61.85,11.11,Rep,99.60,38.39,Rep,50.40
MS-04,19.193,38.200,43.75,Rep,52.80,44.30,Rep,51.20,51.10,Rep,39.76,36.14,Rep,66.27,18.02,Rep,97.99,41.83,Rep,55.42
MO-01,-28.505,58.600,-67.18,Dem,26.60,-58.62,Dem,39.36,-68.90,Dem,24.50,-29.82,Dem,97.19,-27.73,Dem,98.59,-30.58,Dem,95.58
MO-02,6.630,35.000,-18.21,Dem,56.20,43.00,Rep,37.19,28.58,Rep,59.90,16.10,Rep,82.41,9.06,Rep,95.48,34.81,Rep,49.45
MO-03,16.320,48.800,40.06,Rep,55.00,40.13,Rep,54.22,56.70,Rep,28.51,45.94,Rep,44.38,15.35,Rep,98.39,19.06,Rep,94.58
MO-04,15.211,42.800,30.38,Rep,71.20,44.17,Rep,46.03,41.94,Rep,49.45,24.72,Rep,81.61,11.64,Rep,93.47,14.92,Rep,99.50
MO-05,-8.566,35.800,-42.17,Dem,40.40,-42.50,Dem,39.96,-52.42,Dem,26.71,-29.84,Dem,60.64,-19.08,Dem,80.32,-34.16,Dem,53.21
MO-06,13.569,44.400,42.75,Rep,46.60,41.95,Rep,47.39,57.75,Rep,24.90,16.15,Rep,94.98,9.52,Rep,92.37,22.15,Rep,83.53
MO-07,20.494,36.600,41.66,Rep,58.40,49.04,Rep,44.78,68.26,Rep,18.88,41.53,Rep,58.03,20.86,Rep,99.00,41.38,Rep,58.43
MO-08,21.547,30.800,37.96,Rep,67.60,55.92,Rep,35.38,41.09,Rep,60.90,18.22,Rep,93.47,31.37,Rep,80.20,39.14,Rep,64.52
MT-01,8.664,39.000,49.67,Rep,31.00,49.86,Rep,29.95,-16.76,Dem,55.28,37.47,Rep,48.04,9.31,Rep,98.89,22.88,Rep,73.57
NE-01,9.523,62.200,50.91,Rep,30.20,32.53,Rep,57.43,55.02,Rep,24.70,30.29,Rep,61.45,19.62,Rep,81.12,40.86,Rep,43.78
NE-02,2.443,35.600,39.10,Rep,38.40,-29.06,Dem,45.98,-32.88,Dem,40.16,-16.65,Dem,65.86,4.45,Rep,96.18,-16.89,Dem,65.46
NE-03,23.657,45.200,51.56,Rep,45.40,47.85,Rep,51.41,56.82,Rep,36.14,19.83,Rep,92.17,25.33,Rep,96.59,25.90,Rep,95.38
NV-01,-15.482,71.200,-44.70,Dem,45.20,-48.84,Dem,38.76,-49.24,Dem,38.15,-42.05,Dem,49.60,-16.22,Dem,98.80,-14.54,Dem,98.19
NV-02,5.300,43.000,38.62,Rep,42.60,-36.18,Dem,32.76,-19.52,Dem,56.48,-9.67,Dem,72.96,4.50,Rep,98.49,26.57,Rep,61.31
NV-03,0.024,48.800,-38.64,Dem,35.20,49.79,Rep,22.49,-35.71,Dem,39.36,-18.30,Dem,66.87,-1.81,Dem,96.59,15.25,Rep,72.69
NV-04,-3.955,44.800,-46.37,Dem,29.40,26.51,Rep,47.84,-35.61,Dem,44.42,-35.20,Dem,45.23,0.22,Dem,92.26,23.04,Rep,53.07
NH-01,-0.000,37.000,-16.49,Dem,69.60,32.09,Rep,44.82,44.61,Rep,28.14,29.22,Rep,49.25,0.38,Rep,99.10,-26.57,Dem,53.07
NH-02,-2.985,59.600,29.30,Rep,45.40,-44.20,Dem,31.33,-44.99,Dem,30.32,13.74,Rep,69.88,-4.50,Dem,97.39,-28.80,Dem,54.22
NJ-01,-13.904,46.400,-46.89,Dem,39.80,-57.35,Dem,25.53,-48.96,Dem,36.78,-49.94,Dem,35.38,-12.26,Dem,96.68,-36.54,Dem,57.09
NJ-02,-0.916,66.400,-27.29,Dem,53.20,-32.39,Dem,45.43,-21.22,Dem,63.52,-20.02,Dem,65.73,-0.78,Dem,99.70,-6.92,Dem,88.84
NJ-03,0.371,52.400,-30.13,Dem,46.80,-28.08,Dem,50.25,34.77,Rep,41.61,26.71,Rep,53.67,2.39,Rep,96.28,-27.44,Dem,51.46
NJ-04,6.172,81.400,38.63,Rep,43.60,27.21,Rep,61.65,50.54,Rep,26.91,-15.90,Dem,61.04,11.84,Rep,89.56,8.33,Rep,95.98
NJ-05,1.012,73.000,36.94,Rep,40.00,48.51,Rep,24.52,46.10,Rep,27.34,-15.15,Dem,70.95,-2.01,Rep,94.47,-30.24,Dem,46.03
NJ-06,-9.876,44.800,-55.36,Dem,24.40,-38.15,Dem,48.59,-36.73,Dem,50.80,-19.37,Dem,82.13,-6.59,Dem,93.57,-20.25,Dem,80.52
NJ-07,1.299,49.400,-18.68,Dem,63.80,37.40,Rep,38.79,31.73,Rep,47.24,0.92,Rep,99.30,1.50,Rep,99.50,2.57,Rep,97.69
NJ-08,-26.803,71.000,-68.05,Dem,24.00,-49.57,Dem,53.07,-51.97,Dem,48.64,-25.01,Dem,96.08,-26.53,Dem,99.30,-24.56,Dem,95.08
NJ-09,-16.928,61.800,-52.86,Dem,34.40,-41.66,Dem,52.61,10.83,Rep,51.41,-42.24,Dem,51.61,-16.69,Dem,99.40,-49.72,Dem,39.16
NJ-10,-34.633,62.000,-68.39,Dem,31.60,-61.41,Dem,43.17,-57.19,Dem,50.80,-44.72,Dem,77.31,-33.77,Dem,97.79,-32.70,Dem,95.58
NJ-11,1.744,65.600,-32.95,Dem,41.00,-24.72,Dem,53.82,-26.10,Dem,51.61,11.21,Rep,82.73,-3.32,Dem,90.76,20.63,Rep,66.06
NJ-12,-16.635,22.000,-46.42,Dem,43.80,6.70,Rep,58.29,-52.58,Dem,34.57,-17.37,Dem,98.69,-17.52,Dem,98.29,-47.02,Dem,43.22
NM-01,-8.316,56.800,13.77,Rep,61.60,-39.71,Dem,43.82,-35.92,Dem,49.65,3.35,Rep,78.59,-11.53,Dem,94.07,-36.90,Dem,48.24
NM-02,4.398,61.800,-21.09,Dem,55.00,30.65,Rep,53.01,38.94,Rep,40.16,31.18,Rep,52.21,1.35,Rep,94.38,37.69,Rep,41.97
NM-03,-8.599,49.000,-32.82,Dem,55.20,21.66,Rep,47.99,-48.64,Dem,31.33,-31.53,Dem,57.83,-4.72,Dem,92.57,-35.74,Dem,50.60
NY-01,2.945,39.600,-39.00,Dem,31.60,33.57,Rep,46.63,-29.67,Dem,44.22,13.78,Rep,80.20,4.62,Rep,96.88,19.35,Rep,70.35
NY-02,1.181,57.000,34.25,Rep,44.00,-33.44,Dem,41.21,-19.67,Dem,62.91,-30.52,Dem,45.43,-2.56,Rep,93.27,-34.81,Dem,39.40
NY-03,-2.157,65.400,-33.31,Dem,45.60,26.76,Rep,50.05,-29.50,Dem,51.66,-34.04,Dem,44.62,-1.42,Dem,98.69,-14.40,Dem,77.59
NY-04,-5.550,58.200,-38.72,Dem,41.60,22.58,Rep,51.46,-34.23,Dem,48.84,-26.55,Dem,61.71,-5.33,Dem,99.50,-30.16,Dem,55.48
NY-05,-35.463,86.000,-49.58,Dem,67.60,-71.96,Dem,27.34,-61.25,Dem,44.42,-35.71,Dem,99.30,-42.65,Dem,83.42,-35.99,Dem,98.89
NY-06,-17.202,59.600,-54.59,Dem,32.20,-45.80,Dem,45.63,-55.76,Dem,30.75,-42.21,Dem,51.86,-18.11,Dem,98.29,-44.35,Dem,48.24
NY-07,-35.780,57.600,-61.99,Dem,43.60,-61.13,Dem,45.18,-46.93,Dem,74.50,-33.13,Dem,93.78,-35.42,Dem,98.80,-36.50,Dem,98.59
NY-08,-34.827,68.600,-56.16,Dem,53.00,-80.50,Dem,16.87,-65.01,Dem,37.15,-30.38,Dem,89.76,-36.22,Dem,96.99,-35.19,Dem,99.20
NY-09,-32.728,40.400,-54.44,Dem,53.20,-57.79,Dem,46.79,-65.41,Dem,33.94,-37.44,Dem,89.76,-36.86,Dem,90.96,-31.99,Dem,98.19
NY-10,-25.827,49.000,-69.15,Dem,22.00,-65.37,Dem,26.51,-49.52,Dem,51.61,-26.26,Dem,99.20,-23.09,Dem,93.98,-23.76,Dem,95.58
NY-11,1.466,66.000,32.29,Rep,47.00,29.90,Rep,50.20,-20.89,Dem,60.44,-15.15,Dem,70.28,-0.45,Rep,96.59,-18.85,Dem,63.86
NY-12,-29.729,80.000,-70.32,Dem,23.80,-67.10,Dem,27.94,-60.83,Dem,37.19,-29.80,Dem,99.90,-30.22,Dem,98.89,-41.46,Dem,74.37
NY-13,-39.561,50.200,-71.32,Dem,33.00,-58.82,Dem,55.88,-54.29,Dem,65.53,-40.85,Dem,96.88,-38.58,Dem,97.49,-39.28,Dem,99.30
NY-14,-28.552,87.800,-59.17,Dem,38.40,-68.15,Dem,25.70,-55.04,Dem,45.78,-29.54,Dem,97.99,-44.57,Dem,65.86,-28.44,Dem,99.60
NY-15,-40.087,78.400,-55.87,Dem,63.00,-69.54,Dem,36.78,-56.28,Dem,62.31,-39.05,Dem,97.49,-43.35,Dem,92.06,-38.85,Dem,97.09
NY-16,-24.212,65.600,-51.82,Dem,45.00,-55.28,Dem,39.56,-47.73,Dem,52.61,-20.00,Dem,91.16,-20.34,Dem,91.77,-23.36,Dem,98.19
NY-17,-8.761,45.800,-55.23,Dem,23.60,-48.46,Dem,31.93,-45.10,Dem,36.35,-37.61,Dem,47.99,-5.11,Dem,93.17,-36.29,Dem,50.00
NY-18,-0.600,58.400,40.76,Rep,33.00,34.60,Rep,40.60,-40.45,Dem,33.57,27.09,Rep,51.86,0.37,Dem,98.09,19.67,Rep,63.92
NY-19,0.232,63.000,-31.70,Dem,44.80,28.69,Rep,50.20,-38.98,Dem,34.74,26.92,Rep,53.01,-2.02,Rep,95.98,-29.99,Dem,47.59
NY-20,-8.533,40.600,-38.07,Dem,46.60,-33.37,Dem,54.42,-49.32,Dem,30.32,-11.34,Dem,94.78,-5.27,Dem,93.98,-46.35,Dem,34.34
NY-21,1.883,64.400,38.25,Rep,39.00,38.25,Rep,38.19,40.73,Rep,34.77,22.52,Rep,63.12,-0.52,Rep,95.48,-28.55,Dem,47.24
NY-22,3.934,65.200,41.47,Rep,37.00,37.44,Rep,42.01,31.57,Rep,51.06,27.87,Rep,57.09,5.24,Rep,97.69,-13.75,Dem,68.14
NY-23,4.070,57.400,29.92,Rep,54.40,30.90,Rep,52.21,33.08,Rep,48.80,28.52,Rep,56.22,2.19,Rep,96.79,43.75,Rep,33.13
NY-24,-4.885,56.600,-43.62,Dem,34.00,-38.20,Dem,41.81,-27.27,Dem,59.50,12.08,Rep,69.55,-5.82,Dem,98.49,21.37,Rep,54.27
NY-25,-9.025,57.600,-52.25,Dem,27.00,-47.77,Dem,32.96,26.68,Rep,40.60,-30.42,Dem,60.30,-7.07,Dem,96.48,-38.30,Dem,46.83
NY-26,-12.248,57.600,-58.20,Dem,23.00,-46.04,Dem,39.16,-43.79,Dem,42.77,-25.56,Dem,74.70,-12.15,Dem,99.80,-41.25,Dem,46.79
NY-27,9.230,52.400,41.79,Rep,42.60,42.89,Rep,40.36,-26.74,Dem,39.96,8.70,Rep,99.00,1.61,Rep,85.94,41.40,Rep,42.57
NC-01,-17.247,55.200,-38.43,Dem,58.60,-54.81,Dem,32.16,-55.20,Dem,31.56,-18.22,Dem,98.29,-17.77,Dem,99.10,-29.93,Dem,74.97
NC-02,3.260,15.200,-18.86,Dem,60.60,37.59,Rep,40.76,43.34,Rep,32.93,24.98,Rep,60.84,1.72,Rep,97.19,5.68,Rep,95.38
NC-03,11.396,75.800,39.45,Rep,49.20,46.66,Rep,37.35,48.18,Rep,35.14,42.60,Rep,43.37,10.15,Rep,97.79,38.06,Rep,51.00
NC-04,-18.295,68.000,-55.87,Dem,31.60,-46.45,Dem,46.03,-62.90,Dem,22.71,-18.55,Dem,99.50,-18.42,Dem,99.90,-44.83,Dem,48.64
NC-05,8.777,16.800,34.77,Rep,53.40,-9.30,Dem,67.54,44.14,Rep,37.99,35.57,Rep,51.46,9.79,Rep,98.09,45.01,Rep,36.78
NC-06,7.485,15.200,45.36,Rep,35.40,38.80,Rep,44.18,48.86,Rep,29.92,-14.74,Dem,60.84,16.79,Rep,82.73,22.43,Rep,72.09
NC-07,8.757,22.400,-27.35,Dem,39.60,47.63,Rep,33.17,34.15,Rep,53.67,21.24,Rep,76.78,7.73,Rep,98.09,33.30,Rep,55.08
NC-08,7.416,20.400,60.49,Rep,18.40,33.54,Rep,52.86,52.43,Rep,25.93,27.25,Rep,63.72,8.08,Rep,99.10,36.17,Rep,48.44
NC-09,5.637,4.000,32.17,Rep,53.20,63.69,Rep,13.87,43.36,Rep,35.58,-19.51,Dem,55.88,4.12,Rep,97.29,30.86,Rep,54.47
NC-10,12.494,27.600,48.94,Rep,36.00,41.11,Rep,47.39,32.92,Rep,61.45,33.60,Rep,60.24,11.94,Rep,99.00,20.48,Rep,84.74
NC-11,14.260,22.800,51.54,Rep,34.20,42.39,Rep,47.39,39.39,Rep,52.61,49.72,Rep,35.94,13.80,Rep,99.20,36.37,Rep,57.83
NC-12,-19.308,47.200,-50.28,Dem,41.00,-52.37,Dem,37.95,-54.96,Dem,34.14,-52.61,Dem,37.55,-19.21,Dem,99.80,-19.11,Dem,99.40
NC-13,4.675,12.000,-26.69,Dem,46.20,38.12,Rep,41.81,-35.59,Dem,33.97,17.91,Rep,75.78,5.73,Rep,98.09,37.42,Rep,43.02
ND-01,14.040,43.400,44.27,Rep,45.00,51.49,Rep,33.37,58.39,Rep,24.52,38.41,Rep,53.87,16.59,Rep,95.08,35.32,Rep,59.50
OH-01,3.225,18.400,-16.55,Dem,64.40,43.74,Rep,32.36,-28.43,Dem,45.63,27.26,Rep,57.09,4.90,Rep,96.88,39.27,Rep,38.39
OH-02,6.952,23.200,33.66,Rep,52.40,-22.07,Dem,50.00,41.56,Rep,39.56,-5.09,Dem,78.11,9.90,Rep,94.38,29.14,Rep,59.44
OH-03,-19.689,54.000,-47.67,Dem,45.60,-60.28,Dem,27.14,-46.55,Dem,47.84,-20.39,Dem,98.49,-18.95,Dem,98.69,-19.50,Dem,99.70
OH-04,12.016,11.800,56.04,Rep,26.20,46.61,Rep,37.95,42.75,Rep,43.98,19.67,Rep,85.34,10.57,Rep,97.39,24.82,Rep,75.50
OH-05,8.767,28.600,40.86,Rep,43.60,34.76,Rep,52.66,44.31,Rep,37.59,30.91,Rep,59.30,7.07,Rep,96.68,45.86,Rep,35.58
OH-06,13.854,46.000,44.02,Rep,45.00,50.89,Rep,33.94,51.74,Rep,32.73,9.87,Rep,92.77,15.97,Rep,95.78,25.39,Rep,77.71
OH-07,9.908,35.400,50.94,Rep,30.80,40.03,Rep,45.63,43.29,Rep,40.60,38.91,Rep,47.24,10.53,Rep,98.89,26.51,Rep,68.94
OH-08,15.013,14.000,45.84,Rep,43.40,47.70,Rep,39.96,43.43,Rep,46.79,44.03,Rep,45.78,15.07,Rep,99.80,45.69,Rep,43.17
OH-09,-14.651,61.000,-41.89,Dem,48.60,-45.80,Dem,42.37,-54.97,Dem,29.32,-41.41,Dem,49.80,-14.55,Dem,99.60,-15.45,Dem,98.39
OH-10,2.242,56.800,32.45,Rep,48.20,-28.69,Dem,46.63,-34.49,Dem,38.39,-20.83,Dem,59.10,4.18,Rep,96.48,15.07,Rep,76.78
OH-11,-30.803,43.400,-59.97,Dem,40.00,-65.31,Dem,31.93,-51.87,Dem,55.02,-30.75,Dem,99.60,-29.95,Dem,98.19,-39.95,Dem,79.92
OH-12,5.607,34.800,34.92,Rep,48.60,-20.08,Dem,55.02,40.64,Rep,39.16,6.64,Rep,97.99,14.95,Rep,82.73,18.21,Rep,76.71
OH-13,-8.523,43.200,17.56,Rep,55.40,32.25,Rep,33.97,-37.90,Dem,47.04,-32.23,Dem,56.48,-8.03,Dem,99.10,-22.82,Dem,73.17
OH-14,3.694,60.000,49.08,Rep,27.20,-29.03,Dem,44.22,20.97,Rep,68.74,18.11,Rep,73.97,1.53,Rep,95.88,21.90,Rep,67.14
OH-15,5.369,56.400,48.83,Rep,29.00,37.89,Rep,43.02,52.13,Rep,24.32,33.31,Rep,50.25,5.64,Rep,99.30,26.86,Rep,60.90
OH-16,6.274,58.800,43.98,Rep,36.20,33.96,Rep,50.65,50.66,Rep,26.93,9.38,Rep,94.27,6.15,Rep,99.70,28.79,Rep,59.10
OK-01,15.018,16.200,34.51,Rep,63.20,42.50,Rep,48.39,52.14,Rep,33.53,35.65,Rep,60.64,18.39,Rep,93.57,36.51,Rep,59.04
OK-02,20.952,42.400,59.98,Rep,29.80,53.08,Rep,38.99,59.30,Rep,29.95,53.64,Rep,38.19,19.42,Rep,96.88,20.10,Rep,98.09
OK-03,24.475,76.000,52.52,Rep,45.00,49.70,Rep,49.20,49.36,Rep,50.00,23.64,Rep,98.39,24.60,Rep,99.80,27.60,Rep,93.17
OK-04,17.674,70.400,43.21,Rep,51.80,49.46,Rep,40.60,33.46,Rep,68.94,30.79,Rep,74.17,18.99,Rep,97.29,30.75,Rep,74.37
OK-05,8.090,55.000,46.48,Rep,34.80,-27.82,Dem,40.00,45.94,Rep,34.57,40.43,Rep,42.81,10.63,Rep,95.28,15.45,Rep,86.23
OR-01,-9.934,46.600,-46.94,Dem,35.00,-48.34,Dem,33.13,-37.86,Dem,49.00,-37.38,Dem,49.80,-8.16,Dem,96.59,-35.01,Dem,53.61
OR-02,9.126,56.000,35.25,Rep,53.00,48.52,Rep,32.16,-21.44,Dem,47.44,43.28,Rep,39.60,11.48,Rep,95.48,34.61,Rep,53.27
OR-03,-23.259,60.000,-51.93,Dem,43.20,-66.18,Dem,23.12,-60.75,Dem,29.95,-24.73,Dem,96.88,-27.93,Dem,90.25,-33.23,Dem,79.40
OR-04,-1.722,31.600,28.23,Rep,48.80,-32.26,Dem,46.59,20.91,Rep,59.84,30.29,Rep,44.98,-1.41,Dem,99.60,37.93,Rep,34.34
OR-05,-1.804,68.800,35.67,Rep,37.80,-52.20,Dem,21.29,-27.33,Dem,54.62,23.22,Rep,55.82,-1.86,Dem,100.00,-22.45,Dem,62.85
PA-01,-0.942,67.200,-33.17,Dem,44.20,32.42,Rep,43.02,-28.26,Dem,51.86,-23.36,Dem,60.10,-0.52,Dem,99.10,-26.20,Dem,55.28
PA-02,-24.907,69.400,-52.03,Dem,45.60,-52.03,Dem,45.78,-49.40,Dem,50.60,-22.47,Dem,94.78,-23.84,Dem,97.79,-26.33,Dem,97.19
PA-03,-38.524,83.600,-67.41,Dem,38.00,-53.12,Dem,66.06,-61.59,Dem,48.59,-39.98,Dem,96.79,-36.74,Dem,95.78,-38.10,Dem,99.00
PA-04,-8.294,26.000,24.50,Rep,45.60,-35.22,Dem,51.06,29.80,Rep,37.59,12.23,Rep,63.72,-6.01,Dem,95.88,-25.07,Dem,68.54
PA-05,-14.285,36.800,-45.00,Dem,43.20,-41.84,Dem,48.59,-55.69,Dem,28.11,-14.94,Dem,99.00,-26.88,Dem,75.90,-18.21,Dem,92.77
PA-06,-3.074,50.200,-30.52,Dem,51.00,25.52,Rep,50.65,-30.85,Dem,50.85,-19.92,Dem,69.35,-5.32,Dem,95.88,-24.95,Dem,60.50
PA-07,-2.076,42.800,-29.90,Dem,50.60,-23.10,Dem,62.11,-25.51,Dem,58.09,12.71,Rep,73.57,0.28,Dem,95.88,-2.62,Dem,99.10
PA-08,-0.594,38.200,35.26,Rep,40.40,29.99,Rep,47.24,-38.08,Dem,36.78,18.31,Rep,66.33,2.90,Dem,93.87,21.94,Rep,60.10
PA-09,12.593,25.600,36.47,Rep,55.80,18.05,Rep,89.56,61.56,Rep,20.08,45.55,Rep,40.36,12.56,Rep,100.00,23.15,Rep,79.72
PA-10,3.997,14.800,30.23,Rep,54.00,-36.05,Dem,34.37,-27.52,Dem,46.03,2.53,Rep,97.29,2.69,Rep,97.89,41.20,Rep,36.58
PA-11,12.243,46.000,46.44,Rep,39.20,51.89,Rep,30.92,44.33,Rep,41.97,51.67,Rep,31.33,12.68,Rep,99.00,13.66,Rep,97.19
PA-12,15.218,41.000,46.52,Rep,42.80,41.89,Rep,49.60,52.59,Rep,33.13,42.77,Rep,48.19,11.66,Rep,93.37,30.59,Rep,70.28
PA-13,19.869,36.600,46.18,Rep,49.60,54.80,Rep,35.18,46.45,Rep,48.44,28.24,Rep,83.02,16.67,Rep,93.67,41.42,Rep,57.49
PA-14,11.645,57.200,47.51,Rep,37.40,54.26,Rep,27.54,-22.31,Dem,42.81,40.98,Rep,46.63,9.81,Rep,96.48,39.37,Rep,49.25
PA-15,17.435,73.800,55.25,Rep,32.60,53.28,Rep,34.54,50.76,Rep,38.15,36.95,Rep,61.85,15.41,Rep,96.18,32.80,Rep,69.68
PA-16,6.343,50.200,-23.57,Dem,48.40,-15.44,Dem,61.45,44.00,Rep,35.34,20.74,Rep,73.49,9.19,Rep,94.78,30.80,Rep,55.82
PA-17,1.786,75.000,49.28,Rep,25.20,34.63,Rep,43.42,31.69,Rep,47.84,-14.28,Dem,71.16,2.68,Rep,98.09,-19.63,Dem,61.91
PA-18,-13.673,63.000,-44.72,Dem,42.80,-44.80,Dem,42.81,-63.38,Dem,18.89,-47.90,Dem,38.19,-12.82,Dem,98.29,-11.48,Dem,95.68
RI-01,-14.769,53.400,-30.18,Dem,69.80,-38.62,Dem,54.67,-53.72,Dem,30.95,-47.17,Dem,40.40,-16.59,Dem,96.48,-39.37,Dem,53.27
RI-02,-7.117,45.600,-38.75,Dem,43.60,-45.52,Dem,34.14,-38.91,Dem,43.57,-37.57,Dem,45.78,-6.54,Dem,98.59,-16.84,Dem,81.93
SC-01,7.851,64.400,38.15,Rep,46.80,36.38,Rep,48.64,-21.22,Dem,49.85,41.38,Rep,40.80,9.02,Rep,97.69,20.45,Rep,76.78
SC-02,11.019,28.400,44.55,Rep,40.80,38.35,Rep,50.05,50.51,Rep,31.56,41.12,Rep,45.43,11.58,Rep,99.10,34.32,Rep,56.88
SC-03,17.072,13.400,45.66,Rep,46.40,48.32,Rep,41.77,54.30,Rep,32.73,39.65,Rep,56.43,18.27,Rep,97.59,45.08,Rep,46.79
SC-04,13.045,23.400,39.91,Rep,50.60,53.35,Rep,29.92,54.07,Rep,28.92,42.66,Rep,45.38,7.77,Rep,90.16,27.08,Rep,73.09
SC-05,7.604,7.000,40.81,Rep,42.40,-18.61,Dem,54.27,41.93,Rep,39.80,26.15,Rep,65.93,11.65,Rep,92.46,19.58,Rep,77.99
SC-06,-20.665,49.200,-47.36,Dem,47.60,-68.94,Dem,18.29,-59.22,Dem,29.55,-20.33,Dem,99.30,-22.69,Dem,95.88,-29.02,Dem,83.02
SC-07,7.167,18.200,37.67,Rep,46.40,41.39,Rep,40.16,42.95,Rep,37.95,10.74,Rep,93.37,7.64,Rep,99.00,20.13,Rep,76.10
SD-01,12.042,35.600,48.54,Rep,36.00,29.82,Rep,66.27,47.54,Rep,36.75,29.21,Rep,67.47,17.26,Rep,90.16,12.36,Rep,99.40
TN-01,25.211,53.000,64.42,Rep,28.00,58.13,Rep,36.14,50.17,Rep,49.40,33.67,Rep,82.33,27.27,Rep,95.58,23.43,Rep,96.59
TN-02,17.785,15.400,53.40,Rep,35.40,47.30,Rep,44.18,57.22,Rep,29.32,43.57,Rep,50.60,15.75,Rep,96.18,20.06,Rep,95.58
TN-03,15.849,45.000,60.68,Rep,24.40,40.14,Rep,53.67,-7.93,Dem,57.49,24.95,Rep,82.21,13.50,Rep,95.48,42.89,Rep,48.84
TN-04,17.996,29.400,49.16,Rep,42.40,55.41,Rep,32.36,40.84,Rep,55.88,21.33,Rep,93.47,19.48,Rep,97.29,17.27,Rep,98.49
TN-05,-7.916,84.400,-50.84,Dem,27.80,-51.43,Dem,27.34,-31.79,Dem,56.28,-29.56,Dem,60.10,-5.59,Dem,95.48,-38.98,Dem,44.42
TN-06,21.677,20.600,55.07,Rep,37.40,47.13,Rep,49.80,47.40,Rep,49.40,47.54,Rep,49.20,23.50,Rep,95.98,21.55,Rep,100.00
TN-07,17.805,14.600,57.24,Rep,30.00,44.01,Rep,49.80,37.32,Rep,61.85,32.43,Rep,71.29,15.30,Rep,95.18,17.14,Rep,99.00
TN-08,17.092,35.000,48.19,Rep,42.80,49.56,Rep,39.60,52.54,Rep,35.18,49.46,Rep,39.80,15.27,Rep,96.48,45.53,Rep,46.23
TN-09,-27.570,73.200,-50.93,Dem,51.40,-76.95,Dem,15.26,-59.69,Dem,36.35,-27.67,Dem,99.80,-26.33,Dem,97.19,-24.51,Dem,93.57
TX-01,22.200,27.800,55.94,Rep,37.00,58.74,Rep,31.76,57.01,Rep,34.37,21.62,Rep,99.10,20.32,Rep,96.28,24.42,Rep,95.28
TX-02,9.220,46.600,50.68,Rep,30.20,44.29,Rep,38.15,32.70,Rep,56.83,41.06,Rep,42.97,6.93,Rep,95.78,28.54,Rep,64.06
TX-03,11.024,26.600,36.71,Rep,53.40,55.76,Rep,25.13,61.09,Rep,19.50,29.51,Rep,65.53,12.59,Rep,97.09,44.38,Rep,40.40
TX-04,24.799,21.800,76.47,Rep,15.00,52.68,Rep,44.58,49.11,Rep,51.00,23.85,Rep,98.19,35.92,Rep,76.91,23.25,Rep,96.79
TX-05,14.636,12.200,44.92,Rep,44.40,41.32,Rep,50.00,40.44,Rep,51.41,15.51,Rep,97.99,14.69,Rep,99.60,34.02,Rep,62.85
TX-06,7.370,9.400,33.18,Rep,54.00,39.65,Rep,43.02,-11.83,Dem,65.53,37.64,Rep,46.23,5.54,Rep,96.68,31.86,Rep,55.68
TX-07,5.105,24.800,39.63,Rep,40.80,36.30,Rep,44.98,40.87,Rep,38.15,24.75,Rep,64.06,6.10,Rep,98.19,-7.99,Dem,76.31
TX-08,25.094,46.200,57.19,Rep,38.40,58.22,Rep,35.98,48.42,Rep,52.66,21.77,Rep,93.27,35.34,Rep,78.79,26.97,Rep,96.28
TX-09,-28.043,66.600,-50.49,Dem,53.00,-56.65,Dem,42.17,-59.19,Dem,37.95,-28.46,Dem,99.20,-24.33,Dem,91.97,-28.82,Dem,98.59
TX-10,7.451,37.600,51.01,Rep,28.20,38.72,Rep,44.38,53.64,Rep,24.50,22.62,Rep,71.89,4.66,Rep,94.98,-22.57,Dem,48.39
TX-11,28.282,39.200,54.69,Rep,46.80,49.07,Rep,56.28,55.47,Rep,44.62,26.16,Rep,95.68,28.01,Rep,99.50,34.96,Rep,85.63
TX-12,16.176,55.600,43.73,Rep,48.80,42.50,Rep,50.05,47.07,Rep,42.61,16.90,Rep,98.49,16.23,Rep,99.90,40.34,Rep,53.87
TX-13,29.645,52.600,59.01,Rep,41.00,62.07,Rep,35.34,47.96,Rep,61.04,28.16,Rep,96.79,28.20,Rep,96.79,31.98,Rep,94.98
TX-14,9.892,11.800,-20.05,Dem,48.40,42.40,Rep,42.01,-24.97,Dem,41.61,43.88,Rep,39.80,7.97,Rep,96.48,42.07,Rep,42.41
TX-15,-8.074,46.600,19.08,Rep,53.60,-50.84,Dem,28.14,-38.04,Dem,46.43,-41.37,Dem,41.01,-10.10,Dem,96.28,-41.54,Dem,40.80
TX-16,-17.415,38.800,-61.31,Dem,23.80,-29.63,Dem,75.78,-57.45,Dem,28.54,-19.17,Dem,96.68,-21.46,Dem,92.06,-49.21,Dem,40.60
TX-17,10.113,23.000,42.51,Rep,42.60,47.56,Rep,34.74,39.05,Rep,47.39,-9.66,Dem,64.46,20.44,Rep,80.72,33.29,Rep,57.03
TX-18,-26.355,59.000,-50.76,Dem,49.80,-46.99,Dem,57.23,-50.61,Dem,50.40,-26.85,Dem,98.80,-26.32,Dem,99.80,-26.63,Dem,99.60
TX-19,23.737,29.000,24.28,Rep,99.20,60.94,Rep,30.32,52.19,Rep,43.98,23.23,Rep,99.20,25.89,Rep,95.38,23.77,Rep,99.80
TX-20,-11.426,47.600,-57.48,Dem,23.00,-40.26,Dem,47.19,-36.85,Dem,52.81,-43.50,Dem,41.97,-10.20,Dem,97.79,-22.91,Dem,78.11
TX-21,8.060,6.600,51.50,Rep,28.40,45.80,Rep,34.77,33.66,Rep,53.47,40.90,Rep,41.81,10.83,Rep,94.87,-5.87,Dem,74.57
TX-22,8.334,24.600,-33.72,Dem,32.00,48.55,Rep,31.56,-23.59,Dem,45.63,-18.94,Dem,52.46,1.93,Rep,88.24,9.23,Rep,98.49
TX-23,-0.301,49.400,-34.96,Dem,40.60,-28.73,Dem,50.05,41.73,Rep,31.36,27.45,Rep,51.66,0.30,Dem,99.10,1.58,Dem,96.68
TX-24,7.328,18.200,37.66,Rep,46.60,40.09,Rep,42.17,38.33,Rep,44.78,22.95,Rep,71.08,5.10,Rep,95.98,8.96,Rep,96.59
TX-25,9.250,21.200,46.32,Rep,36.40,-13.22,Dem,60.10,38.33,Rep,47.44,30.64,Rep,60.70,11.14,Rep,96.48,22.61,Rep,75.18
TX-26,15.819,27.400,48.26,Rep,40.80,45.37,Rep,44.58,42.14,Rep,50.00,33.96,Rep,64.86,18.32,Rep,94.98,39.39,Rep,54.82
TX-27,11.598,17.000,58.15,Rep,23.40,33.88,Rep,58.23,43.67,Rep,41.97,33.27,Rep,59.24,14.49,Rep,94.18,9.11,Rep,95.78
TX-28,-10.320,76.400,-29.27,Dem,64.20,28.40,Rep,36.55,-34.75,Dem,54.82,-45.62,Dem,37.55,-8.94,Dem,97.19,-35.85,Dem,53.01
TX-29,-19.204,11.600,-55.37,Dem,33.40,-49.89,Dem,41.77,-52.88,Dem,37.15,-20.46,Dem,97.79,-23.75,Dem,90.96,-30.85,Dem,76.91
TX-30,-28.719,58.000,-50.54,Dem,54.00,-63.91,Dem,31.53,-55.81,Dem,44.58,-28.32,Dem,99.00,-27.42,Dem,97.19,-31.92,Dem,93.17
TX-31,8.640,34.000,37.60,Rep,48.60,55.38,Rep,23.52,40.01,Rep,44.02,34.68,Rep,52.46,7.49,Rep,97.89,39.40,Rep,44.82
TX-32,3.503,25.000,36.44,Rep,43.40,28.78,Rep,55.02,25.08,Rep,61.04,24.32,Rep,62.45,0.24,Rep,94.18,30.75,Rep,51.61
TX-33,-22.975,64.200,-64.25,Dem,25.00,-53.50,Dem,40.60,-50.57,Dem,45.43,-44.34,Dem,56.68,-23.77,Dem,98.29,-44.99,Dem,55.28
TX-34,-10.986,61.800,-59.51,Dem,20.60,-57.38,Dem,22.91,-45.53,Dem,38.39,-34.16,Dem,56.88,-14.50,Dem,93.27,-39.12,Dem,48.44
TX-35,-15.391,52.600,-71.96,Dem,12.40,-36.60,Dem,59.24,-48.88,Dem,38.55,-42.04,Dem,49.60,-27.14,Dem,77.11,-45.20,Dem,44.18
TX-36,22.975,20.000,66.67,Rep,23.40,56.42,Rep,36.18,54.65,Rep,38.99,23.28,Rep,99.10,23.87,Rep,97.89,42.66,Rep,60.10
UT-01,21.896,39.400,42.62,Rep,58.40,49.90,Rep,44.58,62.16,Rep,26.51,47.01,Rep,49.80,24.22,Rep,94.98,17.77,Rep,91.77
UT-02,13.810,31.800,46.24,Rep,41.40,58.93,Rep,23.52,44.66,Rep,42.81,13.12,Rep,98.69,14.29,Rep,99.10,36.64,Rep,56.48
UT-03,21.574,38.000,48.13,Rep,47.80,57.51,Rep,32.33,45.62,Rep,51.81,39.14,Rep,64.06,32.37,Rep,77.71,21.02,Rep,99.00
UT-04,11.655,66.200,48.17,Rep,35.60,44.32,Rep,40.56,57.75,Rep,22.89,22.98,Rep,78.31,9.59,Rep,96.18,-15.15,Dem,52.61
VT-01,-15.713,51.800,-52.18,Dem,33.80,-44.54,Dem,45.58,-44.99,Dem,44.78,-42.04,Dem,49.80,-12.71,Dem,93.98,-25.45,Dem,80.92
VA-01,6.390,35.200,42.58,Rep,38.00,51.94,Rep,25.30,35.14,Rep,48.39,26.84,Rep,62.25,7.88,Rep,96.79,41.87,Rep,38.15
VA-02,1.773,64.600,-35.90,Dem,36.80,28.10,Rep,53.41,-22.33,Dem,57.23,38.89,Rep,37.15,-0.86,Rep,95.18,-18.19,Dem,64.26
VA-03,-15.751,45.000,-39.66,Dem,54.00,-44.61,Dem,45.78,-44.64,Dem,45.58,-17.83,Dem,95.98,-16.57,Dem,98.59,-13.15,Dem,94.98
VA-04,-10.757,50.400,-47.66,Dem,35.00,-32.54,Dem,59.24,-44.97,Dem,38.96,-48.00,Dem,34.74,-13.51,Dem,94.98,-8.58,Dem,95.78
VA-05,5.659,29.200,34.85,Rep,48.80,38.82,Rep,41.81,47.01,Rep,30.75,8.98,Rep,93.87,16.02,Rep,80.80,35.02,Rep,47.84
VA-06,12.520,12.200,50.20,Rep,34.00,56.60,Rep,25.10,61.99,Rep,19.48,46.69,Rep,38.55,9.61,Rep,94.58,28.38,Rep,69.68
VA-07,3.450,63.000,-38.18,Dem,32.00,42.42,Rep,34.14,33.08,Rep,47.79,4.22,Rep,98.39,2.08,Rep,97.79,-13.65,Dem,69.28
VA-08,-25.480,72.000,-64.51,Dem,27.00,-62.85,Dem,29.35,-56.36,Dem,38.99,-28.10,Dem,94.47,-25.88,Dem,99.30,-27.50,Dem,95.88
VA-09,20.393,35.800,51.02,Rep,42.00,47.89,Rep,46.79,57.28,Rep,31.93,34.98,Rep,70.68,19.85,Rep,99.00,20.62,Rep,99.60
VA-10,-5.014,37.600,-34.92,Dem,46.80,-30.25,Dem,54.62,-44.78,Dem,32.73,-19.37,Dem,73.69,-4.41,Dem,98.80,-31.99,Dem,51.61
VA-11,-19.451,77.200,-44.48,Dem,50.80,-67.24,Dem,19.10,-59.40,Dem,27.94,-41.05,Dem,57.29,-17.53,Dem,96.08,-16.75,Dem,94.47
WA-01,-6.909,61.200,18.25,Rep,56.80,34.76,Rep,32.56,-29.33,Dem,58.89,-37.23,Dem,45.83,-5.18,Dem,96.68,-21.17,Dem,73.37
WA-02,-11.018,52.400,-58.49,Dem,21.60,-42.73,Dem,42.41,-50.43,Dem,31.36,-39.39,Dem,47.84,-10.63,Dem,99.30,-29.48,Dem,65.13
WA-03,2.357,42.800,-33.91,Dem,38.80,43.21,Rep,32.16,-38.20,Dem,33.37,23.38,Rep,62.31,4.72,Rep,95.48,19.80,Rep,68.34
WA-04,11.238,56.800,41.86,Rep,45.20,44.83,Rep,39.80,34.97,Rep,55.88,34.46,Rep,56.68,25.04,Rep,73.97,33.69,Rep,58.29
WA-05,5.911,37.400,30.62,Rep,56.00,-30.94,Dem,38.55,46.28,Rep,31.73,39.93,Rep,40.56,7.21,Rep,97.39,35.44,Rep,47.59
WA-06,-6.898,56.000,-42.37,Dem,38.00,28.59,Rep,40.76,-49.92,Dem,28.11,-38.07,Dem,44.38,-6.54,Dem,99.40,-38.75,Dem,43.57
WA-07,-31.242,26.200,-47.34,Dem,64.60,-48.60,Dem,62.11,-70.92,Dem,24.52,-29.04,Dem,95.28,-36.20,Dem,89.05,-33.37,Dem,95.28
WA-08,-1.183,44.600,-21.70,Dem,62.60,34.76,Rep,39.56,-33.28,Dem,44.38,-12.00,Dem,80.12,-0.16,Dem,98.19,23.46,Rep,56.63
WA-09,-21.172,84.800,-50.07,Dem,43.60,-61.05,Dem,27.54,-50.49,Dem,43.02,-45.12,Dem,52.26,-20.73,Dem,99.30,-18.94,Dem,95.48
WA-10,-6.801,55.400,23.23,Rep,49.40,-43.58,Dem,36.38,-33.87,Dem,51.06,-10.10,Dem,93.87,-8.95,Dem,96.08,-36.67,Dem,46.43
WV-01,17.017,75.000,42.11,Rep,52.60,28.29,Rep,77.79,52.58,Rep,35.18,15.32,Rep,96.68,16.15,Rep,98.29,44.69,Rep,47.64
WV-02,14.636,26.200,44.31,Rep,45.60,61.80,Rep,21.29,56.86,Rep,26.91,23.50,Rep,82.73,9.94,Rep,91.16,40.88,Rep,50.60
WV-03,20.032,50.200,47.77,Rep,47.20,52.54,Rep,38.76,51.95,Rep,39.56,41.35,Rep,58.03,19.59,Rep,99.00,19.57,Rep,99.00
WI-01,3.633,35.200,38.76,Rep,40.40,45.15,Rep,30.95,-29.27,Dem,44.02,28.27,Rep,56.08,0.60,Rep,94.47,36.42,Rep,43.02
WI-02,-18.321,34.000,-42.46,Dem,52.80,-41.74,Dem,54.27,-53.09,Dem,35.78,-17.89,Dem,99.10,-19.24,Dem,98.29,-18.72,Dem,99.30
WI-03,-1.559,56.000,-27.61,Dem,53.80,25.33,Rep,52.81,-23.47,Dem,60.84,28.66,Rep,47.59,-2.92,Dem,97.79,17.36,Rep,66.06
WI-04,-24.989,44.200,-65.13,Dem,25.80,-55.10,Dem,40.60,-43.90,Dem,60.90,-23.86,Dem,97.69,-28.50,Dem,92.46,-21.75,Dem,93.27
WI-05,10.972,17.400,40.88,Rep,46.20,34.74,Rep,55.82,47.25,Rep,35.94,44.26,Rep,40.36,9.48,Rep,97.39,44.38,Rep,40.16
WI-06,6.117,16.200,55.58,Rep,21.80,43.97,Rep,35.14,37.99,Rep,43.78,38.92,Rep,42.37,8.96,Rep,94.78,35.79,Rep,47.19
WI-07,5.999,26.600,-26.61,Dem,44.40,39.94,Rep,40.76,46.45,Rep,31.73,30.41,Rep,55.82,8.15,Rep,95.98,29.38,Rep,57.43
WI-08,5.402,34.400,31.43,Rep,53.80,43.12,Rep,35.54,24.33,Rep,65.46,-12.91,Dem,67.27,8.29,Rep,94.78,36.57,Rep,44.98
WY-01,21.710,43.600,60.33,Rep,29.80,49.34,Rep,45.78,64.07,Rep,24.30,19.55,Rep,95.78,22.32,Rep,98.80,34.66,Rep,73.49
